agency_cd,site_no,station_nm,river,site_tp_cd,lat_va,long_va,coord_acy_cd,coord_datum_cd,dec_lat_va,dec_long_va,coord_acy_cd,dec_coord_datum_cd,state_cd,county_cd
USGS,9527594,"COACHELLA CANAL NEAR NILAND, CA",,ST,330526,1152658,S,NAD27,33.0905961,-115.4502627,S,NAD83,6,25
USGS,9527597,"COACHELLA CANAL NEAR DESERT BEACH, CA",,ST,333217,1155504,S,NAD27,33.53808109,-115.9186083,S,NAD83,6,65
USGS,9527700,ALL-AMERICAN CANAL BELOW DROP 2 RESERVOIR OUTLET,,ST-CA,324215.3,1150253.21,S,NAD83,32.70425,-115.0481139,S,NAD83,6,25
USGS,10251300,"AMARGOSA RV AT TECOPA, CA",Amargosa River,ST,355055,1161345,S,NAD27,35.848577,-116.2300238,S,NAD83,6,27
USGS,10251330,"AMARGOSA RV ABV CHINA RANCH WASH NR TECOPA, CA",Amargosa River,ST,354724.9,1161219.2,1,NAD27,35.79021765,-116.2061887,1,NAD83,6,71
USGS,10254050,SALT C NR MECCA,,ST,332649,1155033,F,NAD27,33.44697395,-115.8433289,F,NAD83,6,65
USGS,10254730,ALAMO R NR NILAND CA,Alamo River,ST,331156,1153546,F,NAD27,33.19892768,-115.5969343,F,NAD83,6,25
USGS,10254970,NEW R AT INTERNATIONAL BOUNDARY AT CALEXICO CA,,ST,323957,1153008,F,NAD27,32.6658925,-115.5030501,F,NAD83,6,25
USGS,10255550,NEW R NR WESTMORLAND CA,,ST,330617,1153949,F,NAD27,33.10476565,-115.6644382,F,NAD83,6,25
USGS,10256500,SNOW C NR WHITE WATER CA,,ST,335214,1164049,F,NAD27,33.8705722,-116.681127,F,NAD83,6,65
USGS,10257500,FALLS C NR WHITE WATER CA,,ST,335210,1164015,S,NAD27,33.86946114,-116.6716824,S,NAD83,6,65
USGS,10257548,WHITEWATER R A WINDY POINT MAIN CHANNEL CA,,ST,335356,1163713,S,NAD27,33.8989045,-116.6211256,S,NAD83,6,65
USGS,10257549,WHITEWATER R A WINDY POINT OVERFLOW CHANNEL CA,,ST,335356,1163713,S,NAD27,33.8989045,-116.6211256,S,NAD83,6,65
USGS,10257600,MISSION C NR DESERT HOT SPRINGS CA,Mission Creek,ST,340040,1163738,F,NAD27,34.01112284,-116.6280689,F,NAD83,6,65
USGS,10257720,CHINO CYN C BL TRAMWAY NR PALM SPRINGS CA,,ST,335039,1163616,F,NAD27,33.8441843,-116.6052929,F,NAD83,6,65
USGS,10258000,TAHQUITZ C NR PALM SPRINGS CA,,ST,334818,1163330,F,NAD27,33.80501929,-116.5591816,F,NAD83,6,65
USGS,10258500,PALM CYN C NR PALM SPRINGS CA,,ST,334442,1163205,F,NAD27,33.74502178,-116.5355709,F,NAD83,6,65
USGS,10259000,ANDREAS C NR PALM SPRINGS CA,Andreas Creek,ST,334536,1163257,F,NAD27,33.7600211,-116.5500155,F,NAD83,6,65
USGS,10259100,WHITEWATER R A RANCHO MIRAGE CA,,ST,334458,1162519,F,NAD27,33.749466,-116.4227903,F,NAD83,6,65
USGS,10259200,DEEP C NR PALM DESERT CA,,ST,333752,1162329,F,NAD27,33.63113647,-116.3922342,F,NAD83,6,65
USGS,10259300,WHITEWATER R A INDIO CA,,ST,334414,1161407,F,NAD27,33.7372434,-116.236118,F,NAD83,6,65
USGS,10260470,LITTLE BEAR C AB LK ARROWHEAD A LAKE ARROWHEAD CA,Little Bear Creek,ST,341455,1171209,5,NAD83,34.2486111,-117.2025,5,NAD83,6,71
USGS,10260480,WILLOW C BL LK ARROWHEAD A LAKE ARROWHEAD CA,,ST,341554,1171108,5,NAD83,34.265,-117.1855556,5,NAD83,6,71
USGS,10260500,DEEP C NR HESPERIA CA,,ST,342035,1171332,F,NAD27,34.34305858,-117.2264316,F,NAD83,6,71
USGS,10260855,GRASS VALLEY LK TUNNEL OUTLET A LAKE ARROWHEAD CA,,FA-DV,341536,1171216,5,NAD83,34.26,-117.2044444,5,NAD83,6,71
USGS,10260865,GRASS VALLEY C BL GRASS VLY LK NR LK ARROWHEAD CA,,ST,341549,1171305,5,NAD83,34.2636111,-117.2180556,5,NAD83,6,71
USGS,10260950,WF MOJAVE R AB MOJAVE R FORKS RES NR HESPERIA CA,,ST,342020,1171525,S,NAD27,34.33889196,-117.2578213,S,NAD83,6,71
USGS,10261500,MOJAVE R A LO NARROWS NR VICTORVILLE CA,Mojave River,ST,343423,1171911,F,NAD27,34.57304916,-117.3206018,F,NAD83,6,71
USGS,10262500,MOJAVE R A BARSTOW CA,Mojave River,ST,345425,1170119,F,NAD27,34.90692668,-117.022818,F,NAD83,6,71
USGS,10263500,BIG ROCK C NR VALYERMO CA,,ST,342515,1175019,F,NAD27,34.42083115,-117.8395072,F,NAD83,6,37
USGS,10265150,HOT C A FLUME NR MAMMOTH LAKES CA,,ST,374008,1184900,F,NAD27,37.66882166,-118.8176312,F,NAD83,6,51
USGS,11012500,CAMPO C NR CAMPO CA,,ST,323528,1163129,F,NAD27,32.591172,-116.525572,F,NAD83,6,73
USGS,11014000,JAMUL C NR JAMUL CA,,ST,323815,1165300,F,NAD27,32.6375566,-116.8841893,F,NAD83,6,73
USGS,11015000,SWEETWATER R NR DESCANSO CA,,ST,325005,1163720,F,NAD27,32.8347737,-116.6230747,F,NAD83,6,73
USGS,11016200,SWEETWATER R A DEHESA CA,,ST,324627,1165101,U,NAD83,32.77416667,-116.8502778,U,NAD83,6,73
USGS,11022200,LOS COCHES C NR LAKESIDE CA,,ST,325010,1165358,F,NAD27,32.83616156,-116.9003035,F,NAD83,6,73
USGS,11022480,SAN DIEGO R A MAST RD NR SANTEE CA,San Diego River,ST,325025,1170130,F,NAD27,32.84032675,-117.0258627,F,NAD83,6,73
USGS,11023000,SAN DIEGO R A FASHION VALLEY AT SAN DIEGO CA,San Diego River,ST,324554,1171004,F,NAD27,32.76504998,-117.1686449,F,NAD83,6,73
USGS,11023340,LOS PENASQUITOS C NR POWAY CA,,ST,325635,1170715,F,NAD27,32.9431013,-117.1216999,F,NAD83,6,73
USGS,11025500,SANTA YSABEL C NR RAMONA CA,,ST,330625,1165155,F,NAD27,33.1069866,-116.866137,F,NAD83,6,73
USGS,11027000,GUEJITO C NR SAN PASQUAL CA,,ST,330657,1165708,F,NAD27,33.1158743,-116.9530841,F,NAD83,6,73
USGS,11028500,SANTA MARIA C NR RAMONA CA,,ST,330308,1165641,F,NAD27,33.0522655,-116.9455844,F,NAD83,6,73
USGS,11042000,SAN LUIS REY R A OCEANSIDE CA,,ST,331305,1172134,F,NAD27,33.21809119,-117.3603162,F,NAD83,6,73
USGS,11042400,TEMECULA C NR AGUANGA CA,,ST,332733,1165522,F,NAD27,33.45919759,-116.9236357,F,NAD83,6,65
USGS,11042800,WARM SPRINGS C NR MURRIETA CA,,ST,333156,1171034,F,NAD27,33.53224867,-117.1769771,F,NAD83,6,65
USGS,11042900,SANTA GERTRUDIS C NR TEMECULA CA,,ST,333128,1170950,F,NAD27,33.52447127,-117.1647544,F,NAD83,6,65
USGS,11044000,SANTA MARGARITA R NR TEMECULA CA,,ST,332826,1170829,F,NAD27,33.4739175,-117.1422536,F,NAD83,6,65
USGS,11044250,RAINBOW C NR FALLBROOK CA,,ST,332427,1171200,F,NAD27,33.40753006,-117.200867,F,NAD83,6,73
USGS,11044300,SANTA MARGARITA R A FPUD SUMP NR FALLBROOK CA,,ST,332449,1171425,F,NAD27,33.41364059,-117.2411462,F,NAD83,6,73
USGS,11044350,SANDIA C NR FALLBROOK CA,,ST,332528,1171454,S,NAD27,33.42447348,-117.249202,S,NAD83,6,73
USGS,11044800,DE LUZ C NR DE LUZ CA,,ST,332511,1171915,S,NAD27,33.4197511,-117.3217044,S,NAD83,6,73
USGS,11045300,FALLBROOK C NR FALLBROOK CA,,ST,332049,1171901,S,NAD27,33.34697584,-117.3178152,S,NAD83,6,73
USGS,11045600,ONEILL LAKE OUTLET CH NR FALLBROOK CA,,ST,331930,1171929,S,NAD27,33.3250321,-117.3255931,S,NAD83,6,73
USGS,11045700,ONEILL LK SPILL CH NR FALLBROOK CA,,ST,331944,1171935,S,NAD27,33.32892087,-117.3272599,S,NAD83,6,73
USGS,11046000,SANTA MARGARITA R A YSIDORA CA,,ST,331840,1172047,S,NAD27,33.3111436,-117.3472604,S,NAD83,6,73
USGS,11046100,LAS FLORES C NR OCEANSIDE CA,,ST,331732,1172721,S,NAD27,33.29225499,-117.4567077,S,NAD83,6,73
USGS,11046300,SAN MATEO C NR SAN CLEMENTE CA,,ST,332815,1172820,S,NAD27,33.47085987,-117.4730986,S,NAD83,6,73
USGS,11046360,CRISTIANITOS C AB SAN MATEO C NR SAN CLEMENTE CA,,ST,332535,1173410,S,NAD27,33.42641717,-117.5703242,S,NAD83,6,73
USGS,11047300,ARROYO TRABUCO A SAN JUAN CAPISTRANO CA,,ST,332954,1173954,S,NAD27,33.49835999,-117.6658843,S,NAD83,6,59
USGS,11048200,AGUA CHINON WASH NR IRVINE CA,,ST,334044,1174248,S,NAD27,33.67890959,-117.7142187,S,NAD83,6,59
USGS,11048400,MARSHBURN CHANNEL NR IRVINE CA,,ST,334102,1174440,S,NAD27,33.68390946,-117.7453307,S,NAD83,6,59
USGS,11048553,SAND CYN C A IRVINE CA,,ST,333926,1174936,S,NAD27,33.65724307,-117.8275553,S,NAD83,6,59
USGS,11048600,BONITA C A IRVINE CA,,ST,333842,1175137,S,NAD27,33.64502095,-117.8611673,S,NAD83,6,59
USGS,11051499,SANTA ANA R NR MENTONE (RIVER ONLY) CA,,ST,340630,1170559,F,NAD27,34.10834489,-117.1005911,F,NAD83,6,71
USGS,11051502,SAR SUPP GAGE NR MENTONE CA,,ST,340630,1170559,F,NAD27,34.10834489,-117.1005911,F,NAD83,6,71
USGS,11055500,PLUNGE C NR EAST HIGHLANDS CA,,ST,340706,1170827,F,NAD27,34.11834458,-117.141704,F,NAD83,6,71
USGS,11055800,CITY C NR HIGHLAND CA,,ST,340838,1171116,F,NAD27,34.1438992,-117.1886507,F,NAD83,6,71
USGS,11057500,SAN TIMOTEO C NR LOMA LINDA CA,,ST,340341,1171600,F,NAD27,34.0614024,-117.2675419,F,NAD83,6,71
USGS,11058000,SAND CANYON C NR HIGHLAND CA,,ST,340917,1171336,S,NAD83,34.1547222,-117.2266667,S,NAD83,6,71
USGS,11058500,E TWIN C NR ARROWHEAD SPRINGS CA,,ST,341045,1171553,S,NAD27,34.17917556,-117.2655982,S,NAD83,6,71
USGS,11058600,WATERMAN CANYON CREEK NR ARROWHEAD SPRINGS CA,,ST,341109,1171620,F,NAD83,34.1858333,-117.2722222,F,NAD83,6,71
USGS,11059300,SANTA ANA R A E ST NR SAN BERNARDINO CA,Santa Ana River,ST,340354,1171758,F,NAD27,34.0650131,-117.3003208,F,NAD83,6,71
USGS,11060400,WARM C NR SAN BERNARDINO CA,,ST,340442,1171758,F,NAD27,34.07834596,-117.3003209,F,NAD83,6,71
USGS,11062000,LYTLE C NR FONTANA CA,,ST,341244,1172726,F,NAD27,34.2122298,-117.458105,F,NAD83,6,71
USGS,11062399,FONTANA WATER CO SURFACE DIV WEIR 2 NR FONTANA CA,,ST,341210,1172655,S,NAD27,34.20278567,-117.4494936,S,NAD83,6,71
USGS,11062400,FONTANA WATER CO SURFACE DIV NR FONTANA CA,,ST,341211,1172655,F,NAD27,34.20306344,-117.4494936,F,NAD83,6,71
USGS,11062450,FONTANA PH FOREBAY SPILLWAY NR FONTANA CA,,ST,341210,1172654,F,NAD27,34.20278567,-117.4492158,F,NAD83,6,71
USGS,11062700,FONTANA PH TAILRACE WEIR NR FONTANA CA,,ST,340918,1172343,F,NAD27,34.15500947,-117.396158,F,NAD83,6,71
USGS,11062800,FONTANA WATER CO SPILL CH FROM AFTERBAY NR FONTANA,,ST,340920,1172341,F,NAD27,34.155565,-117.3956025,F,NAD83,6,71
USGS,11062820,FONTANA WATER CO DIV NR FONTANA CA,,ST,340917,1172345,F,NAD27,34.1547317,-117.3967137,F,NAD83,6,71
USGS,11063510,CAJON C BL LONE PINE C NR KEENBROOK CA,,ST,341548,1172758,F,NAD27,34.2633392,-117.4669944,F,NAD83,6,71
USGS,11063680,DEVIL CYN C NR SAN BERNARDINO CA,,ST,341230,1171950,F,NAD27,34.20834107,-117.331434,F,NAD83,6,71
USGS,11065000,LYTLE C A COLTON CA,,ST,340444,1171817,F,NAD27,34.07890146,-117.3055989,F,NAD83,6,71
USGS,11069500,SAN JACINTO R NR SAN JACINTO,San Jacinto River,ST,334417,1164959,S,NAD27,33.73807629,-116.8339098,S,NAD83,6,65
USGS,11070270,PERRIS VALLEY STORM DR A NUEVO RD NR PERRIS CA,,ST,334804,1171219,F,NAD27,33.80113024,-117.2061469,F,NAD83,6,65
USGS,11070365,SAN JACINTO R NR SUN CITY CA,San Jacinto River,ST,334446,1171351,S,NAD27,33.74613114,-117.231703,S,NAD83,6,65
USGS,11070465,SALT C A MURRIETA RD NR SUN CITY CA,,ST,334139,1171217,S,NAD27,33.6941882,-117.2055903,S,NAD83,6,65
USGS,11070500,SAN JACINTO R NR ELSINORE CA,San Jacinto River,ST,333951,1171735,F,NAD27,33.66418858,-117.293927,F,NAD83,6,65
USGS,11072100,TEMESCAL C AB MAIN ST A CORONA CA,,ST,335321,1173343,F,NAD27,33.8891821,-117.5628274,F,NAD83,6,65
USGS,11073300,SAN ANTONIO C A RIVERSIDE DRIVE NR CHINO CA,,ST,340107,1174347,S,NAD27,34.01862319,-117.7306118,S,NAD83,6,71
USGS,11073360,CHINO C A SCHAEFER AVENUE NR CHINO CA,,ST,340014,1174334,S,NAD27,34.00390144,-117.7270006,S,NAD83,6,71
USGS,11074000,SANTA ANA R BL PRADO DAM CA,,ST,335300,1173840,F,NAD27,33.88334875,-117.6453296,F,NAD83,6,65
USGS,11075720,CARBON C BL CARBON CYN DAM CA,,ST,335448,1175030,F,NAD27,33.91334748,-117.8425584,F,NAD83,6,59
USGS,11077500,SANTIAGO C A SANTA ANA CA,,ST,334613,1175301,F,NAD27,33.7702946,-117.8845014,F,NAD83,6,59
USGS,11078000,SANTA ANA R A SANTA ANA CA,Santa Ana River,ST,334504,1175427,F,NAD27,33.75112815,-117.9083906,F,NAD83,6,59
USGS,11085000,SAN GABRIEL R BL SANTA FE DAM NR BALDWIN PK CA,San Gabriel River,ST,340644,1175807,F,NAD27,34.11223019,-117.9695092,F,NAD83,6,37
USGS,11087020,SAN GABRIEL R AB WHITTIER NARROWS DAM CA,San Gabriel River,ST,340203,1180214,F,NAD27,34.03417767,-118.0381225,F,NAD83,6,37
USGS,11088500,BREA C BL BREA DAM NR FULLERTON CA,,ST,335316,1175532,F,NAD27,33.88779206,-117.9264496,F,NAD83,6,59
USGS,11089200,COYOTE C NR BUENA PARK CA,,ST,335216,1180139,U,NAD83,33.8711111,-118.0275,U,NAD83,6,59
USGS,11089500,FULLERTON C BL FULLERTON DAM NR BREA CA,,ST,335345,1175307,F,NAD27,33.89584765,-117.8861706,F,NAD83,6,59
USGS,11090400,FULLERTON C NR BUENA PARK CA,,ST,335150.5,1180147.4,U,NAD83,33.86402778,-118.0298333,U,NAD83,6,59
USGS,11090600,CARBON C A LOS ALAMITOS CA,,ST,334855,1180352,U,NAD83,33.81527778,-118.0644444,U,NAD83,6,59
USGS,11092450,LOS ANGELES R A SEPULVEDA DAM CA,Los Angeles River,ST,340942,1182757,F,NAD27,34.16167247,-118.466749,F,NAD83,6,37
USGS,11097000,BIG TUJUNGA C BL HANSEN DAM CA,,ST,341513,1182317,F,NAD27,34.25361395,-118.38897,F,NAD83,6,37
USGS,11098000,ARROYO SECO NR PASADENA CA,,ST,341320,1181036,F,NAD27,34.22222629,-118.1775727,F,NAD83,6,37
USGS,11101250,RIO HONDO AB WHITTIER NARROWS DAM CA,,ST,340330,1180415,F,NAD27,34.05834368,-118.0717348,F,NAD83,6,37
USGS,11102300,RIO HONDO BL WHITTIER NARROWS DAM CA,,ST,340100,1180515,F,NAD27,34.0166788,-118.0884018,F,NAD83,6,37
USGS,11105510,MALIBU C A MALIBU CA,,ST,340236,1184103,F,NAD83,34.0433333,-118.6841667,F,NAD83,6,37
USGS,11106550,CALLEGUAS C NR CAMARILLO CA,,ST,341046,1190220,F,NAD27,34.17944989,-119.0398242,F,NAD83,6,111
USGS,11109000,SANTA CLARA R NR PIRU CA,,ST,342413,1184418,S,NAD27,34.40360813,-118.739258,S,NAD83,6,111
USGS,11109550,PIRU C AB FRENCHMANS FLAT CA,,ST,343751,1184451,U,NAD27,34.63082016,-118.7484244,U,NAD83,6,37
USGS,11109600,PIRU CREEK ABOVE LAKE PIRU CA,,ST,343123,1184522,F,NAD27,34.52304728,-118.7570362,F,NAD83,6,111
USGS,11109800,PIRU CREEK BELOW SANTA FELICIA DAM CA,,ST,342737,1184504,F,NAD27,34.4602723,-118.7520361,F,NAD83,6,111
USGS,11111500,SESPE CREEK NEAR WHEELER SPRINGS CA,,ST,343440,1191525,F,NAD27,34.5777657,-119.2578902,F,NAD83,6,111
USGS,11113000,SESPE C NR FILLMORE,,ST,342630,1185535,F,NAD27,34.4416618,-118.9273212,F,NAD83,6,111
USGS,11113500,SANTA PAULA C NR SANTA PAULA,,ST,342448,1190453,F,NAD27,34.4133295,-119.0823272,F,NAD83,6,111
USGS,11114495,MATILIJA C NR RES NR MATILIJA HOT SPRINGS CA,,ST,343010,1192123,S,NAD27,34.5027693,-119.3573393,S,NAD83,6,111
USGS,11118500,VENTURA R NR VENTURA,,ST,342108,1191827,F,NAD27,34.35222038,-119.3084466,F,NAD83,6,111
USGS,11119500,CARPINTERIA C NR CARPINTERIA CA,,ST,342405,1192908,F,NAD27,34.4013836,-119.4865103,F,NAD83,6,83
USGS,11119745,MISSION C A ROCKY NOOK PARK A SANTA BARBARA CA,,ST,342626,1194239,S,NAD27,34.44055266,-119.7118027,S,NAD83,6,83
USGS,11119940,MARIA YGNACIO C A UNIVERSITY DRIVE NR GOLETA CA,,ST,342642,1194810,F,NAD27,34.4449965,-119.80375,F,NAD83,6,83
USGS,11120000,ATASCADERO C NR GOLETA CA,,ST,342529,1194839,F,NAD27,34.4247189,-119.811805,F,NAD83,6,83
USGS,11120500,SAN JOSE C NR GOLETA CA,,ST,342733,1194829,F,NAD27,34.45916286,-119.8090283,F,NAD83,6,83
USGS,11120520,SAN PEDRO C A GOLETA CA,,ST,342655,1195025,5,NAD83,34.4486111,-119.8402778,5,NAD83,6,83
USGS,11121010,JAMESON LK RELEASE WEIR A JAMESON LAKE CA,,ST,342932,1193025,F,NAD27,34.4922149,-119.507902,F,NAD83,6,83
USGS,11121900,GIBRALTAR DAM DIV WEIR A GIBRALTAR DAM CA,,ST,343127,1194110,F,NAD27,34.5241613,-119.68708,F,NAD83,6,83
USGS,11122010,GIBRALTAR DAM RELEASE WEIR A GIBRALTAR DAM CA,,ST,343127,1194111,F,NAD27,34.52416133,-119.6873579,F,NAD83,6,83
USGS,11123000,SANTA YNEZ R BL GIBRALTAR DAM NR SANTA BARBARA CA,,ST,343128,1194111,F,NAD27,34.5244391,-119.6873579,F,NAD83,6,83
USGS,11123500,SANTA YNEZ R BL LOS LAURLS CYN NR SNTA YNEZ CA,,ST,343237,1195150,F,NAD27,34.54360358,-119.8648627,F,NAD83,6,83
USGS,11124500,SANTA CRUZ C NR SANTA YNEZ CA,Santa Cruz Creek,ST,343548,1195428,F,NAD27,34.5966563,-119.9087519,F,NAD83,6,83
USGS,11125600,HILTON CYN C NR SANTA YNEZ CA,,ST,343456,1195854,S,NAD27,34.58221109,-119.9826419,S,NAD83,6,83
USGS,11128250,ALAMO PINTADO C NR SOLVANG CA,,ST,343706,1200711,F,NAD27,34.61831975,-120.120703,F,NAD83,6,83
USGS,11128500,SANTA YNEZ R A SOLVANG CA,,ST,343506,1200837,F,NAD27,34.58498706,-120.1445926,F,NAD83,6,83
USGS,11129800,ZACA C NR BUELLTON CA,,ST,343855,1201100,F,NAD27,34.64859614,-120.1843172,F,NAD83,6,83
USGS,11132500,SALSIPUEDES C NR LOMPOC CA,,ST,343519,1202427,F,NAD27,34.5885957,-120.4084938,F,NAD83,6,83
USGS,11133000,SANTA YNEZ R A NARROWS NR LOMPOC CA,,ST,343810,1202525,F,NAD27,34.63609474,-120.424606,F,NAD83,6,83
USGS,11134000,SANTA YNEZ R A H ST NR LOMPOC CA,,ST,344006,1202725,S,NAD27,34.6683162,-120.4579411,S,NAD83,6,83
USGS,11135800,SAN ANTONIO C A LOS ALAMOS CA,,ST,344436,1201612,F,NAD27,34.74331534,-120.2709888,F,NAD83,6,83
USGS,11136500,CUYAMA R NR VENTUCOPA CA,,ST,344120,1192125,S,NAD27,34.68887277,-119.3578952,S,NAD83,6,111
USGS,11136600,SANTA BARBARA CYN C NR VENTUCOPA CA,,ST,344900,1193340,U,NAD27,34.81664656,-119.5620708,U,NAD83,6,83
USGS,11136800,CUYAMA R BL BUCKHORN CYN NR SANTA MARIA CA,,ST,350119,1201339,F,NAD27,35.0219213,-120.2284868,F,NAD83,6,79
USGS,11137900,HUASNA R NR ARROYO GRANDE CA,,ST,350440,1202215,F,NAD27,35.07775398,-120.3718267,F,NAD83,6,79
USGS,11138500,SISQUOC R NR SISQUOC CA,,ST,345023,1201002,F,NAD27,34.83970289,-120.1682063,F,NAD83,6,83
USGS,11140000,SISQUOC R NR GAREY,,ST,345338,1201820,F,NAD27,34.89386807,-120.3065463,F,NAD83,6,83
USGS,11140585,SANTA MARIA R A SUEY CROSSING NR SANTA MARIA CA,,ST,345806,1202411,S,NAD27,34.96831117,-120.404051,S,NAD83,6,83
USGS,11141050,ORCUTT C NR ORCUTT CA,,ST,345301,1202938,F,NAD27,34.88359037,-120.4948883,F,NAD83,6,83
USGS,11141280,LOPEZ C NR ARROYO GRANDE CA,,ST,351408,1202817,F,NAD27,35.23553035,-120.4723857,F,NAD83,6,79
USGS,11143000,BIG SUR R NR BIG SUR CA,Big Sur River,ST,361445,1214620,F,NAD27,36.24579648,-121.7732872,F,NAD83,6,53
USGS,11143010,BIG SUR R A ANDREW MOLERA STATE PARK NR BIG SUR CA,Big Sur River,ST,361712,1215058,S,NAD83,36.28666667,-121.8494444,S,NAD83,6,53
USGS,11143200,CARMEL R A ROBLES DEL RIO CA,Carmel River,ST,362828,1214340,S,NAD27,36.47440615,-121.7288364,S,NAD83,6,53
USGS,11143250,CARMEL R NR CARMEL CA,Carmel River,ST,363221,1215246,F,NAD27,36.5391278,-121.8805084,F,NAD83,6,53
USGS,11147500,SALINAS R A PASO ROBLES CA,Salinas River,ST,353743,1204100,F,NAD27,35.6285813,-120.6843373,F,NAD83,6,79
USGS,11148900,NACIMIENTO R BL SAPAQUE C NR BRYSON CA,Nacimiento River,ST,354719,1210534,F,NAD27,35.78857918,-121.0938048,F,NAD83,6,79
USGS,11149400,NACIMIENTO R BL NACIMIENTO DAM NR BRADLEY CA,Nacimiento River,ST,354541,1205116,F,NAD27,35.76135678,-120.855458,F,NAD83,6,79
USGS,11149900,SAN ANTONIO R NR LOCKWOOD CA,,ST,355348,1210514,F,NAD27,35.89663404,-121.0882491,F,NAD83,6,53
USGS,11150500,SALINAS R NR BRADLEY CA,Salinas River,ST,355549,1205204,S,NAD27,35.9302434,-120.8687915,S,NAD83,6,53
USGS,11151300,SAN LORENZO C BL BITTERWATER C NR KING CITY CA,,ST,361605,1210355,F,NAD27,36.26802087,-121.066303,F,NAD83,6,53
USGS,11151700,SALINAS R A SOLEDAD CA,Salinas River,ST,362440,1211906,F,NAD27,36.411076,-121.3193738,F,NAD83,6,53
USGS,11152000,ARROYO SECO NR SOLEDAD CA,Arroyo Seco,ST,361650,1211918,F,NAD27,36.28052076,-121.3227063,F,NAD83,6,53
USGS,11152050,ARROYO SECO BL RELIZ C NR SOLEDAD CA,Arroyo Seco,ST,362359,1211923,S,NAD27,36.39968708,-121.3240962,S,NAD83,6,53
USGS,11152300,SALINAS R NR CHUALAR CA,Salinas River,ST,363313,1213254,F,NAD27,36.55357267,-121.5493856,F,NAD83,6,53
USGS,11152500,SALINAS R NR SPRECKELS CA,Salinas River,ST,363752,1214017,F,NAD27,36.631071,-121.672446,F,NAD83,6,53
USGS,11152600,GABILAN C NR SALINAS CA,,ST,364521,1213634,F,NAD27,36.75579196,-121.6105005,F,NAD83,6,53
USGS,11152650,RECLAMATION DITCH NR SALINAS CA,,ST-DCH,364218,1214214,F,NAD27,36.7049586,-121.7049475,F,NAD83,6,53
USGS,11153000,PACHECO C NR DUNNEVILLE CA,,ST,365848,1212249,S,NAD83,36.98,-121.3802778,S,NAD83,6,85
USGS,11153650,LLAGAS C NR GILROY,,ST,365915,1213134,S,NAD27,36.98744858,-121.5271622,S,NAD83,6,85
USGS,11154700,CLEAR C NR IDRIA CA,,ST,362139,1204535,S,NAD27,36.36079387,-120.7607315,S,NAD83,6,69
USGS,11156500,SAN BENITO R NR WILLOW CREEK SCHOOL CA,,ST,363634,1211207,F,NAD27,36.60940609,-121.2029797,F,NAD83,6,69
USGS,11157500,TRES PINOS C NR TRES PINOS CA,,ST,364557,1211755,S,NAD27,36.76579177,-121.2996532,S,NAD83,6,69
USGS,11158600,SAN BENITO R A HWY 156 NR HOLLISTER CA,,ST,365107,1212544,F,NAD27,36.85189909,-121.4299368,F,NAD83,6,69
USGS,11159000,PAJARO R A CHITTENDEN CA,Pajaro River,ST,365401,1213548,F,NAD27,36.9002307,-121.5977215,F,NAD83,6,87
USGS,11159200,CORRALITOS C A FREEDOM CA,,ST,365622,1214610,F,NAD27,36.9393968,-121.7705065,F,NAD83,6,87
USGS,11160000,SOQUEL C A SOQUEL CA,,ST,365929,1215717,F,NAD27,36.9913389,-121.9557933,F,NAD83,6,87
USGS,11160500,SAN LORENZO R A BIG TREES CA,San Lorenzo River,ST,370240,1220417,F,NAD27,37.0443931,-122.072464,F,NAD83,6,87
USGS,11161000,SAN LORENZO R A SANTA CRUZ CA,San Lorenzo River,ST,365927,1220151,F,NAD27,36.9907832,-122.0319076,F,NAD83,6,87
USGS,11162500,PESCADERO C NR PESCADERO CA,,ST,371539,1221940,F,NAD27,37.26077707,-122.3288602,F,NAD83,6,81
USGS,11162570,SAN GREGORIO C A SAN GREGORIO CA,,ST,371933,1222308,S,NAD27,37.3257762,-122.3866404,S,NAD83,6,81
USGS,11162620,PILARCITOS C BL STONE DAM NR HILLSBOROUGH CA,,ST,373129,1222354,S,NAD27,37.52466087,-122.3994177,S,NAD83,6,81
USGS,11162630,PILARCITOS C A HALF MOON BAY CA,,ST,372800,1222559,F,NAD27,37.46660747,-122.434142,F,NAD83,6,81
USGS,11162753,SAN MATEO C BL LO CRYSTAL SP RES NR SAN MATEO CA,,ST,373146,1222130,S,NAD83,37.52944444,-122.3583333,S,NAD83,6,81
USGS,11164500,SAN FRANCISQUITO C A STANFORD UNIVERSITY CA,,ST,372524,1221118,F,NAD27,37.42327257,-122.1894095,F,NAD83,6,85
USGS,11166000,MATADERO C A PALO ALTO CA,,ST,372518,1220804,F,NAD27,37.4216062,-122.1355193,F,NAD83,6,85
USGS,11167800,GUADALUPE R AB ALMADEN EXPRESSWAY A SAN JOSE CA,,ST,371651,1215243,S,NAD27,37.28077615,-121.8796764,S,NAD83,6,85
USGS,11169025,GUADALUPE R ABV HWY 101 A SAN JOSE CA,,ST,372226,1215555,S,NAD27,37.3738296,-121.9330129,S,NAD83,6,85
USGS,11169500,SARATOGA C A SARATOGA CA,,ST,371516,1220218,F,NAD27,37.25438808,-122.039404,F,NAD83,6,85
USGS,11169800,COYOTE C NR GILROY CA,,ST,370440,1212936,F,NAD27,37.07772286,-121.4943832,F,NAD83,6,85
USGS,11172175,COYOTE C AB HWY 237 A MILPITAS CA,,ST,372520,1215535,S,NAD27,37.4221617,-121.9274577,S,NAD83,6,85
USGS,11172945,ALAMEDA C AB DIV DAM NR SUNOL CA,Alameda Creek,ST,372951,1214621,S,NAD27,37.4974356,-121.7735644,S,NAD83,6,1
USGS,11172955,ALAMEDA C BL DIV DAM NR SUNOL CA,Alameda Creek,ST,372955,1214646,S,NAD83,37.4986111,-121.7794444,S,NAD83,6,1
USGS,11173200,ARROYO HONDO NR SAN JOSE CA,,ST,372742,1214606,F,NAD27,37.46160337,-121.769397,F,NAD83,6,85
USGS,11173500,CALAVERAS C NR SUNOL CA,,ST,372952,1214900,S,NAD27,37.49771396,-121.8177326,S,NAD83,6,1
USGS,11173510,ALAMEDA C BL CALAVERAS C NR SUNOL CA,Alameda Creek,ST,373013,1214925,S,NAD27,37.5035472,-121.8246774,S,NAD83,6,1
USGS,11173575,ALAMEDA C BL WELCH C NR SUNOL CA,Alameda Creek,ST,373226,1215119,S,NAD27,37.5404908,-121.856345,S,NAD83,6,1
USGS,11174000,SAN ANTONIO C NR SUNOL CA,,ST,373439,1215124,S,NAD27,37.577434,-121.857734,S,NAD83,6,1
USGS,11176400,ARROYO VALLE BL LANG CYN NR LIVERMORE CA,,ST,373341,1214058,F,NAD27,37.56132196,-121.6838389,F,NAD83,6,1
USGS,11176500,ARROYO VALLE NR LIVERMORE CA,,ST,373724,1214528,F,NAD27,37.62326509,-121.7588418,F,NAD83,6,1
USGS,11176900,ARROYO DE LA LAGUNA A VERONA CA,,ST,373736,1215255,S,NAD27,37.62659915,-121.8830126,S,NAD83,6,1
USGS,11179000,ALAMEDA C NR NILES CA,Alameda Creek,ST,373514,1215735,F,NAD27,37.58715679,-121.960793,F,NAD83,6,1
USGS,11180500,DRY C A UNION CITY CA,,ST,373622,1220122,F,NAD27,37.6060452,-122.0238504,F,NAD83,6,1
USGS,11180700,ALAMEDA C FLOOD CHANNEL A UNION CITY CA,,ST,373509,1220250,F,NAD27,37.58576818,-122.0482955,F,NAD83,6,1
USGS,11180825,SAN LORENZO C AB DON CASTRO RES NR CASTRO V CA,,ST,374143,1220238,S,NAD27,37.69520825,-122.044962,S,NAD83,6,1
USGS,11180900,CROW C NR HAYWARD CA,,ST,374218,1220234,S,NAD27,37.70493008,-122.0438508,S,NAD83,6,1
USGS,11180960,CULL C AB CULL C RES NR CASTRO VALLEY CA,,ST,374304,1220312,F,NAD27,37.71770737,-122.0544067,F,NAD83,6,1
USGS,11181000,SAN LORENZO C A HAYWARD CA,,ST,374108,1220348,S,NAD27,37.68548644,-122.064407,S,NAD83,6,1
USGS,11181008,CASTRO VALLEY C A HAYWARD CA,,ST,374048,1220446,F,NAD27,37.6799311,-122.0805186,F,NAD83,6,1
USGS,11181040,SAN LORENZO C A SAN LORENZO CA,,ST,374103,1220820,F,NAD27,37.6840977,-122.1399649,F,NAD83,6,1
USGS,11182500,SAN RAMON C A SAN RAMON CA,,ST,374623,1215937,F,NAD27,37.772983,-121.9946825,F,NAD83,6,13
USGS,11189500,SF KERN R NR ONYX CA,,ST,354415,1181022,F,NAD27,35.7374516,-118.173689,F,NAD83,6,29
USGS,11200800,DEER C NR FOUNTAIN SPRINGS CA,,ST,355630,1184919,F,NAD27,35.94161745,-118.8228702,F,NAD83,6,107
USGS,11203580,SF TULE R NR CHOLOLLO CAMPGROUND NR PORTERVILLE CA,,ST,360254,1183912,S,NAD27,36.04828125,-118.6542556,S,NAD83,6,107
USGS,11204100,SF TULE R NR RESERVATION BNDRY NR PORTERVILLE CA,,ST,360127,1184845,S,NAD27,36.02411648,-118.8134258,S,NAD83,6,107
USGS,11224000,MF SAN JOAQUIN R NR MAMMOTH LAKES CA,,ST,373755,1190511,U,NAD83,37.63194444,-119.0863889,U,NAD83,6,39
USGS,11224500,LOS GATOS C AB NUNEZ CYN NR COALINGA CA,,ST,361253,1202811,F,NAD27,36.21467719,-120.4707116,F,NAD83,6,19
USGS,11251000,SAN JOAQUIN R BL FRIANT CA,San Joaquin River,ST,365904,1194324,F,NAD27,36.98439397,-119.7243124,F,NAD83,6,19
USGS,11253130,SAN JOAQUIN R A N SAN MATEO RD NR MENDOTA CA,San Joaquin River,ST,364644,1201824,5,NAD83,36.77888889,-120.3066667,5,NAD83,6,19
USGS,11253310,CANTUA C NR CANTUA CREEK CA,,ST,362408,1202557,F,NAD27,36.40217399,-120.4334917,F,NAD83,6,19
USGS,11254000,SAN JOAQUIN R NR MENDOTA CA,San Joaquin River,ST,364838,1202238,S,NAD27,36.8105046,-120.3782256,S,NAD83,6,19
USGS,11255575,PANOCHE C A I-5 NR SILVER CREEK CA,,ST,363909,1203752,S,NAD27,36.65245145,-120.6321186,S,NAD83,6,19
USGS,11261100,SALT SLOUGH A HWY 165 NR STEVINSON CA,,ST,371452,1205104,S,NAD27,37.24771864,-120.8521446,S,NAD83,6,47
USGS,11261500,SAN JOAQUIN R A FREMONT FORD BRIDGE CA,San Joaquin River,ST,371836,1205548,S,NAD27,37.3099386,-120.9310369,S,NAD83,6,47
USGS,11262900,MUD SLOUGH NR GUSTINE CA,,ST,371545,1205420,S,NAD27,37.26244,-120.9065908,S,NAD83,6,47
USGS,11264500,MERCED R A HAPPY ISLES BRIDGE NR YOSEMITE CA,Merced River,ST,374353,1193329,S,NAD27,37.73131496,-119.5590514,S,NAD83,6,43
USGS,11266500,MERCED R A POHONO BRIDGE NR YOSEMITE CA,Merced River,ST,374301,1193955,F,NAD27,37.71687138,-119.6662788,F,NAD83,6,43
USGS,11273400,SAN JOAQUIN R AB MERCED R NR NEWMAN CA,San Joaquin River,ST,372050.2,1205830.5,F,NAD27,37.3472151,-120.9761777,F,NAD83,6,99
USGS,11274000,SAN JOAQUIN R NR NEWMAN CA,San Joaquin River,ST,372102,1205834,F,NAD27,37.3504928,-120.97715,F,NAD83,6,99
USGS,11274500,ORESTIMBA C NR NEWMAN CA,,ST,371856,1210727,F,NAD27,37.31549247,-121.1252081,F,NAD83,6,99
USGS,11274538,ORESTIMBA CR AT RIVER RD NR CROWS LANDING CA,,ST,372449,1210054,S,NAD27,37.41354657,-121.0160412,S,NAD83,6,99
USGS,11274550,SAN JOAQUIN R NR CROWS LANDING CA,San Joaquin River,ST,372555,1210046,S,NAD27,37.43187949,-121.0138193,S,NAD83,6,99
USGS,11274630,DEL PUERTO C NR PATTERSON CA,,ST,372912,1211229,F,NAD27,37.48659935,-121.2091026,F,NAD83,6,99
USGS,11274790,TUOLUMNE R A GRAND CYN OF TUOLUMNE AB HETCH HETCHY,Tuolumne River,ST,375500,1193932,S,NAD27,37.9165884,-119.6598938,S,NAD83,6,109
USGS,11276500,TUOLUMNE R NR HETCH HETCHY CA,Tuolumne River,ST,375615,1194750,F,NAD27,37.93742147,-119.7982326,F,NAD83,6,109
USGS,11276600,TUOLUMNE R AB EARLY INTAKE NR MATHER CA,Tuolumne River,ST,375246,1195646,F,NAD27,37.87936848,-119.947126,F,NAD83,6,109
USGS,11276900,TUOLUMNE R BL EARLY INTAKE NR MATHER CA,Tuolumne River,ST,375254,1195809,F,NAD27,37.8815908,-119.9701824,F,NAD83,6,109
USGS,11277100,LK ELEANOR DIV TO CHERRY LAKE NR HETCH HETCHY CA,,ST,375847,1195251,S,NAD27,37.9796433,-119.8818464,S,NAD83,6,109
USGS,11277300,CHERRY C BL VALLEY DAM NR HETCH HETCHY CA,,ST,375804,1195459,F,NAD27,37.96769944,-119.9174029,F,NAD83,6,109
USGS,11278000,ELEANOR C NR HETCH HETCHY CA,,ST,375809,1195252,F,NAD27,37.969088,-119.882124,F,NAD83,6,109
USGS,11278300,CHERRY C NR EARLY INTAKE CA,,ST,375340,1195742,F,NAD27,37.89436824,-119.962682,F,NAD83,6,109
USGS,11278400,"CHERRY C BL DION R HOLM PH, NR MATHER CA",,ST,375325,1195808,F,NAD27,37.8902017,-119.9699046,F,NAD83,6,109
USGS,11284400,BIG C AB WHITES GULCH NR GROVELAND CA,,ST,375031,1201102,F,NAD27,37.8418714,-120.1849103,F,NAD83,6,109
USGS,11289000,MODESTO CN NR LA GRANGE CA,,ST,374021,1202826,F,NAD27,37.67243198,-120.4749183,F,NAD83,6,99
USGS,11289500,TURLOCK CN NR LA GRANGE CA,,ST,373957,1202624,F,NAD27,37.66576548,-120.4410283,F,NAD83,6,99
USGS,11289650,TUOLUMNE R BL LAGRANGE DAM NR LAGRANGE CA,Tuolumne River,ST,373959,1202628,F,NAD27,37.666321,-120.4421394,F,NAD83,6,99
USGS,11290000,TUOLUMNE R A MODESTO CA,Tuolumne River,ST,373738,1205900,1,NAD27,37.627153,-120.9843777,1,NAD83,6,99
USGS,11299600,BLACK C NR COPPEROPOLIS CA,,ST,375740,1203651,F,NAD27,37.96103615,-120.6152035,F,NAD83,6,9
USGS,11303000,STANISLAUS R A RIPON CA,,ST,374347,1210634,S,NAD27,37.72965078,-121.1104934,S,NAD83,6,99
USGS,11303500,SAN JOAQUIN R NR VERNALIS CA,San Joaquin River,ST,374034,1211555,S,NAD27,37.6760406,-121.2663293,S,NAD83,6,77
USGS,11304810,SAN JOAQUIN R BL GARWOOD BRIDGE A STOCKTON CA,San Joaquin River,ST,375608,1211945,S,NAD27,37.93547987,-121.3302245,S,NAD83,6,77
USGS,11311300,TURNER CUT NR HOLT CA,,ST,375933,1212714,5,NAD83,37.9925,-121.4538889,5,NAD83,6,77
USGS,11312672,VICTORIA CANAL NR BYRON CA,,ST-CA,375215,1213148,5,NAD83,37.8708333,-121.53,5,NAD83,6,77
USGS,11312676,MIDDLE R AT MIDDLE RIVER CA,,ST,375634,1213159,S,NAD27,37.9427017,-121.5341175,S,NAD83,6,77
USGS,11312685,MIDDLE R NR HOLT CA,,ST,380011,1213039,5,NAD83,38.00305556,-121.5108333,5,NAD83,6,77
USGS,11312968,OLD R NR DELTA MENDOTA CANAL CA,,ST,374838,1213229,S,NAD27,37.81048298,-121.5424488,S,NAD83,6,77
USGS,11313200,GRANT LINE CN A TRACY RD BRIDGE CA,,ST,374915,1212701,S,NAD27,37.82076056,-121.4513359,S,NAD83,6,77
USGS,11313315,OLD RIVER NEAR BYRON CA,,ST,375328,1213409,S,NAD27,37.89103627,-121.5702283,S,NAD83,6,13
USGS,11313405,OLD R A BACON ISLAND CA,,ST,375812,1213416,S,NAD27,37.96992306,-121.572174,S,NAD83,6,77
USGS,11313431,HOLLAND CUT NR BETHEL ISLAND CA,,ST,380059,1213455,5,NAD83,38.01638889,-121.5819444,5,NAD83,6,13
USGS,11313433,DUTCH SLOUGH BL JERSEY ISLAND RD A JERSEY ISLAND,,ST,380049,1214000,S,NAD27,38.0135326,-121.667731,S,NAD83,6,13
USGS,11313434,OLD R A QUIMBY ISLAND NR BETHEL ISLAND CA,,ST,380138,1213352,5,NAD83,38.0272222,-121.5644444,5,NAD83,6,13
USGS,11313440,FALSE R NR OAKLEY CA,,ST,380321,1214001,5,NAD83,38.0558333,-121.6669444,5,NAD83,6,13
USGS,11313452,OLD R A FRANKS TRACT NR TERMINOUS CA,,ST,380416,1213444,5,NAD83,38.0711111,-121.5788889,5,NAD83,6,13
USGS,11313460,SAN JOAQUIN R A PRISONERS PT NR TERMINOUS CA,San Joaquin River,ST,380334,1213326,5,NAD83,38.05944444,-121.5572222,5,NAD83,6,77
USGS,11335000,COSUMNES R A MICHIGAN BAR CA,Cosumnes River,ST,383001,1210239,F,NAD27,38.50018619,-121.0452212,F,NAD83,6,67
USGS,11335655,DEER C NR CAMERON PARK CA,,ST,383726,1205937,S,NAD83,38.62388889,-120.993611,S,NAD83,6,17
USGS,11336580,MORRISON C NR SACRAMENTO CA,,ST,382955,1212706,F,NAD27,38.49851847,-121.4527317,F,NAD83,6,67
USGS,11336585,LAGUNA C NR ELK GROVE CA,,ST,382524,1212108,S,NAD27,38.42324335,-121.353284,S,NAD83,6,67
USGS,11336600,DELTA CROSS CHANNEL NR WALNUT GROVE,,ST,381441,1213019,5,NAD83,38.2447222,-121.5052778,5,NAD83,6,67
USGS,11336680,S MOKELUMNE R A NEW HOPE BR NR WALNUT GROVE CA,Mokelumne River,ST,381332,1212928,S,NAD83,38.22555556,-121.491111,S,NAD83,6,77
USGS,11336685,N MOKELUMNE NR WALNUT GROVE CA,Mokelumne River,ST,381324,1213026,S,NAD83,38.2233333,-121.5072222,S,NAD83,6,67
USGS,11336790,LITTLE POTATO SLOUGH A TERMINOUS CA,,ST,380547,1212946,5,NAD83,38.09638889,-121.496111,5,NAD83,6,77
USGS,11336930,MOKELUMNE R A ANDRUS ISLAND NR TERMINOUS CA,Mokelumne River,ST,380622,1213416,5,NAD83,38.1061111,-121.571111,5,NAD83,6,67
USGS,11337080,THREEMILE SLOUGH NR RIO VISTA CA,,ST,380612,1214110,S,NAD83,38.1033333,-121.686111,S,NAD83,6,67
USGS,11337190,SAN JOAQUIN R A JERSEY POINT CA,San Joaquin River,ST,380308,1214116,S,NAD27,38.0521424,-121.6888428,S,NAD83,6,13
USGS,11337600,MARSH C A BRENTWOOD CA,,ST,375746,1214111,S,NAD27,37.9627006,-121.687453,S,NAD83,6,13
USGS,11342000,SACRAMENTO R A DELTA CA,Sacramento River,ST,405623,1222458,F,NAD27,40.93959397,-122.4172351,F,NAD83,6,89
USGS,11345500,SF PIT R NR LIKELY CA,South Fork Pit River,ST,411351,1202610,F,NAD27,41.2307286,-120.4371726,F,NAD83,6,49
USGS,11348500,PIT R NR CANBY CA,Pit River,ST,412422,1205536,F,NAD27,41.40600116,-120.9277458,F,NAD83,6,49
USGS,11355010,PIT R BL PIT NO 1 PH NR FALL RIVER MILLS CA,Pit River,ST,405900,1213039,F,NAD27,40.9832178,-121.511927,F,NAD83,6,89
USGS,11361000,BURNEY C A BURNEY FALLS NR BURNEY CA,,ST,410103,1213911,S,NAD27,41.01738285,-121.6541539,S,NAD83,6,89
USGS,11370500,SACRAMENTO R A KESWICK CA,Sacramento River,ST,403604,1222636,F,NAD27,40.6009835,-122.4444553,F,NAD83,6,89
USGS,11370700,ANDERSON-COTTONWOOD ID CN AT SHARON AVE REDDING CA,,ST,403408,1222249,F,NAD27,40.56876198,-122.381397,F,NAD83,6,89
USGS,11372000,CLEAR C NR IGO CA,,ST,403048,1223123,F,NAD27,40.51320587,-122.5241795,F,NAD83,6,89
USGS,11374000,COW C NR MILLVILLE CA,,ST,403018,1221355,F,NAD27,40.50487467,-122.2330577,F,NAD83,6,89
USGS,11376000,COTTONWOOD C NR COTTONWOOD CA,,ST,402314,1221415,F,NAD27,40.38709797,-122.2386119,F,NAD83,6,89
USGS,11376550,BATTLE C BL COLEMAN FISH HATCHERY NR COTTONWOOD CA,,ST,402354,1220843,F,NAD27,40.39820996,-122.1463869,F,NAD83,6,89
USGS,11377100,SACRAMENTO R AB BEND BRIDGE NR RED BLUFF CA,Sacramento River,ST,401719,1221108,F,NAD27,40.28848836,-122.1866645,F,NAD83,6,103
USGS,11379500,ELDER C NR PASKENTA CA,,ST,400126,1223039,F,NAD27,40.02376507,-122.5119462,F,NAD83,6,103
USGS,11381500,MILL C NR LOS MOLINOS CA,,ST,400317,1220123,F,NAD27,40.0546022,-122.0241541,F,NAD83,6,103
USGS,11383500,DEER C NR VINA CA,,ST,400051,1215650,F,NAD27,40.01404745,-121.9483181,F,NAD83,6,103
USGS,11389500,SACRAMENTO R A COLUSA CA,Sacramento River,ST,391251,1215957,F,NAD27,39.2140566,-122.0002508,F,NAD83,6,11
USGS,11390000,BUTTE C NR CHICO CA,,ST,394334,1214228,F,NAD27,39.72599524,-121.7088643,F,NAD83,6,7
USGS,11390500,SACRAMENTO R BL WILKINS SLOUGH NR GRIMES CA,Sacramento River,ST,390036,1214925,F,NAD27,39.00989476,-121.82469,F,NAD83,6,11
USGS,11401920,SPANISH C A QUINCY CA,,ST,395645,1205633,U,NAD83,39.9458333,-120.9425,U,NAD83,6,63
USGS,11402000,SPANISH C AB BLACKHAWK C AT KEDDIE CA,,ST,400011,1205712,F,NAD27,40.002947,-120.9543994,F,NAD83,6,63
USGS,11413000,N YUBA R BL GOODYEARS BAR CA,North Fork Yuba,ST,393130,1205613,F,NAD27,39.5248937,-120.9380068,F,NAD83,6,91
USGS,11418500,DEER C NR SMARTSVILLE CA,Deer Creek,ST,391328,1211603,F,NAD27,39.22433764,-121.2685697,F,NAD83,6,57
USGS,11421000,YUBA R NR MARYSVILLE CA,Yuba River,ST,391033,1213126,F,NAD27,39.1757251,-121.5249647,F,NAD83,6,115
USGS,11424000,BEAR R NR WHEATLAND CA,Bear River,ST,390001,1212420,F,NAD27,39.0001727,-121.4066238,F,NAD83,6,61
USGS,11425500,SACRAMENTO R A VERONA CA,Sacramento River,ST,384628,1213550,F,NAD27,38.77434584,-121.5982928,F,NAD83,6,101
USGS,11427000,NF AMERICAN R A NORTH FORK DAM CA,North Fork American River,ST,385610,1210122,F,NAD27,38.93600919,-121.023833,F,NAD83,6,61
USGS,11446500,AMERICAN R A FAIR OAKS CA,American River,ST,383808,1211336,F,NAD27,38.6354601,-121.2277262,F,NAD83,6,67
USGS,11447360,ARCADE C NR DEL PASO HEIGHTS CA,,ST,383831,1212254,S,NAD27,38.64184848,-121.3827302,S,NAD83,6,67
USGS,11447650,SACRAMENTO R A FREEPORT CA,Sacramento River,ST,382722,1213001,S,NAD27,38.45601954,-121.5013437,S,NAD83,6,67
USGS,11447830,SUTTER SLOUGH A COURTLAND CA,,ST,381943,1213438,5,NAD83,38.3286111,-121.5772222,5,NAD83,6,67
USGS,11447850,STEAMBOAT SLOUGH BTW SACRAMENTO R + SUTTER SLOUGH,,ST,381705,1213512,5,NAD83,38.2847222,-121.5866667,5,NAD83,6,67
USGS,11447890,SACRAMENTO R AB DELTA CROSS CHANNEL CA,Sacramento River,ST,381528,1213102,S,NAD27,38.25769218,-121.5182865,S,NAD83,6,67
USGS,11447903,GEORGIANA SLOUGH NR SACRAMENTO R,,ST,381414,1213103,5,NAD83,38.2372222,-121.5175,5,NAD83,6,67
USGS,11447905,SACRAMENTO R BL GEORGIANA SLOUGH CA,Sacramento River,ST,381420,1213118,S,NAD27,38.23880385,-121.5227309,S,NAD83,6,67
USGS,11449500,KELSEY C NR KELSEYVILLE CA,,ST,385539,1225033,F,NAD27,38.92739984,-122.8436046,F,NAD83,6,33
USGS,11451000,CACHE C NR LOWER LAKE CA,Cache Creek,ST,385527,1223353,F,NAD27,38.9240648,-122.5658147,F,NAD83,6,33
USGS,11451100,NF CACHE C A HOUGH SPRING NR CLEARLAKE OAKS CA,,ST,390956,1223708,F,NAD27,39.1654458,-122.6199862,F,NAD83,6,33
USGS,11451292,INDIAN VALLEY PH INTAKE NR CLEARLAKE OAKS CA,,ST,390445,1223204,5,NAD27,39.07905977,-122.5355367,5,NAD83,6,33
USGS,11451300,NF CACHE C NR CLEARLAKE OAKS CA,,ST,390432,1223159,F,NAD27,39.07544877,-122.5341477,F,NAD83,6,33
USGS,11451715,BEAR C AB HOLSTEN CHIMNEY CYN NR RUMSEY CA,,ST,385728,1222030,S,NAD27,38.95767446,-122.3427535,S,NAD83,6,11
USGS,11452500,CACHE C A YOLO CA,Cache Creek,ST,384338,1214822,F,NAD27,38.727126,-121.8071874,F,NAD83,6,113
USGS,11452800,CACHE C OVERFLOW WEIR FROM SETTLING BAS NR WOOD'LD,Cache Creek,ST,384058,1214019,S,NAD27,38.68268185,-121.6730164,S,NAD83,6,113
USGS,11452900,CACHE C OUTFLOW FROM SETTLING BASIN NR WOODLAND CA,Cache Creek,ST,384043,1214018,S,NAD27,38.67851526,-121.6727386,S,NAD83,6,113
USGS,11453000,YOLO BYPASS NR WOODLAND CA,,ST,384040,1213835,F,NAD27,38.6776817,-121.6441266,F,NAD83,6,113
USGS,11453500,PUTAH C NR GUENOC CA,Putah Creek,ST,384644,1223059,F,NAD27,38.77879078,-122.5174807,F,NAD83,6,33
USGS,11454000,PUTAH C NR WINTERS CA,Putah Creek,ST,383055,1220451,F,NAD27,38.51518487,-122.0819159,F,NAD83,6,113
USGS,11455165,MINER SLOUGH A HWY 84 BRIDGE,,ST,381730,1213751,5,NAD83,38.29166667,-121.6308333,5,NAD83,6,95
USGS,11455315,CACHE SLOUGH A S LIBERTY ISLAND NR RIO VISTA CA,Cache Creek,ST,381432,1214110,S,NAD83,38.2422222,-121.686111,S,NAD83,6,95
USGS,11455335,SACRAMENTO R DEEP WATER SHIP CHANNEL NR RIO VISTA,Sacramento River,ST,381522,1214000,5,NAD83,38.2561111,-121.6666667,5,NAD83,6,95
USGS,11455350,CACHE SLOUGH A RYER ISLAND,,ST,381246,1214009,5,NAD83,38.21277778,-121.6691667,5,NAD83,6,95
USGS,11455420,SACRAMENTO R A RIO VISTA CA,Sacramento River,ST,380936,1214108,S,NAD27,38.15991675,-121.6866216,S,NAD83,6,95
USGS,11456000,NAPA R NR ST HELENA CA,Napa River,ST,383041,1222717,S,NAD27,38.51129745,-122.455813,S,NAD83,6,55
USGS,11458000,NAPA R NR NAPA CA,Napa River,ST,382206,1221808,F,NAD27,38.3682457,-122.3033085,F,NAD83,6,55
USGS,11458433,SONOMA CREEK A KENWOOD CA,,ST,382508,1223342,S,NAD27,38.4188004,-122.5627606,S,NAD83,6,97
USGS,11458500,SONOMA C A AGUA CALIENTE CA,,ST,381924,1222936,S,NAD27,38.32324705,-122.4944258,S,NAD83,6,97
USGS,11459150,PETALUMA R A COPLAND PUMPING STATION A PETALUMA CA,,ST,381418,1223821,S,NAD27,38.2382502,-122.6402637,S,NAD83,6,97
USGS,11459500,NOVATO C A NOVATO CA,,ST,380628,1223444,F,NAD27,38.10769775,-122.5799815,F,NAD83,6,41
USGS,11460000,CORTE MADERA C A ROSS CA,,ST,375747,1223321,S,NAD27,37.96297947,-122.556922,S,NAD83,6,41
USGS,11460400,LAGUNITAS C A SAMUEL P TAYLOR STATE PARK CA,Lagunitas Creek,ST,380137,1224407,F,NAD27,38.0268673,-122.736377,F,NAD83,6,41
USGS,11460600,LAGUNITAS C NR PT REYES STATION CA,Lagunitas Creek,ST,380449,1224700,F,NAD27,38.08019988,-122.7844348,F,NAD83,6,41
USGS,11460750,WALKER C NR MARSHALL CA,Walker River,ST,381033,1224902,F,NAD27,38.1757531,-122.8183254,F,NAD83,6,41
USGS,11461000,RUSSIAN R NR UKIAH CA,Russian River,ST,391144,1231138,F,NAD27,39.1954471,-123.1950048,F,NAD83,6,45
USGS,11461500,EF RUSSIAN R NR CALPELLA CA,East Fork Russian River,ST,391448,1230745,F,NAD27,39.24655605,-123.1302806,F,NAD83,6,45
USGS,11462080,RUSSIAN R NR TALMAGE CA,Russian River,ST,390647,1231055,5,NAD27,39.1129496,-123.1830602,5,NAD83,6,45
USGS,11462500,RUSSIAN R NR HOPLAND CA,Russian River,ST,390136,1230746,F,NAD27,39.02656314,-123.1305588,F,NAD83,6,45
USGS,11463000,RUSSIAN R NR CLOVERDALE CA,Russian River,ST,385246,1230309,F,NAD27,38.8793475,-123.0536124,F,NAD83,6,45
USGS,11463170,BIG SULPHUR C A G RESORT NR CLOVERDALE CA,,ST,384752,1224805,F,NAD27,38.79768326,-122.8024929,F,NAD83,6,97
USGS,11463200,BIG SULPHUR C NR CLOVERDALE CA,,ST,384934,1225945,F,NAD27,38.8260167,-122.9969442,F,NAD83,6,97
USGS,11463682,RUSSIAN R A JIMTOWN CA,Russian River,ST,383930,1224942,S,NAD27,38.65824247,-122.8294376,S,NAD83,6,97
USGS,11463980,RUSSIAN R A DIGGER BEND NR HEALDSBURG CA,Russian River,ST,383759,1225116,F,NAD27,38.6329653,-122.8555494,F,NAD83,6,97
USGS,11464000,RUSSIAN R NR HEALDSBURG CA,Russian River,ST,383648,1225007,F,NAD27,38.61324316,-122.8363818,F,NAD83,6,97
USGS,11465200,DRY C NR GEYSERVILLE CA,,ST,384155,1225725,F,NAD27,38.698521,-122.9580539,F,NAD83,6,97
USGS,11465240,DRY C BLW LAMBERT BR NR GEYSERVILLE CA,,ST,383912,1225534,S,NAD27,38.65324355,-122.9272191,S,NAD83,6,97
USGS,11465350,DRY C NR MOUTH NR HEALDSBURG CA,,ST,383515,1225140,F,NAD27,38.58741046,-122.8622159,F,NAD83,6,97
USGS,11465390,RUSSIAN R NR WINDSOR CA,Russian River,ST,383057,1225149,S,NAD27,38.5157448,-122.8647153,S,NAD83,6,97
USGS,11465660,COPELAND C A ROHNERT PARK CA,,ST,382036,1224203,S,NAD27,38.34324776,-122.7019317,S,NAD83,6,97
USGS,11465680,LAGUNA DE SANTA ROSA A STONY PT RD NR COTATI CA,,ST,382108,1224435,S,NAD27,38.35213667,-122.7441551,S,NAD83,6,97
USGS,11465690,COLGAN C NR SANTA ROSA CA,,ST,382408,1224355,S,NAD27,38.40213524,-122.7330434,S,NAD83,6,97
USGS,11465700,COLGAN C NR SEBASTOPOL CA,,ST,382225,1224602,S,NAD27,38.37352515,-122.7683227,S,NAD83,6,97
USGS,11465750,LAGUNA DE SANTA ROSA C NR SEBASTOPOL CA,,ST,382532,1224941,S,NAD27,38.42546874,-122.8291584,S,NAD83,6,97
USGS,11466170,MATANZAS C A SANTA ROSA CA,,ST,382620,1224205,S,NAD27,38.4388007,-122.7024867,S,NAD83,6,97
USGS,11466200,SANTA ROSA C A SANTA ROSA CA,Santa Rosa Creek,ST,382612,1224325,F,NAD27,38.4365787,-122.7247096,F,NAD83,6,97
USGS,11466320,SANTA ROSA C A WILLOWSIDE RD NR SANTA ROSA CA,Santa Rosa Creek,ST,382643,1224822,S,NAD27,38.44519026,-122.8072129,S,NAD83,6,97
USGS,11466800,MARK WEST C NR MIRABEL HEIGHTS CA,,ST,382939,1225108,S,NAD27,38.49407838,-122.8533258,S,NAD83,6,97
USGS,11467000,RUSSIAN R NR GUERNEVILLE CA,Russian River,ST,383031,1225536,F,NAD27,38.50852336,-122.9277737,F,NAD83,6,97
USGS,11467200,AUSTIN C NR CAZADERO CA,,ST,383024,1230407,S,NAD27,38.5065797,-123.0697239,S,NAD83,6,97
USGS,11467510,SF GUALALA R NR THE SEA RANCH CA,,ST,384233,1232532,S,NAD27,38.70907868,-123.4266753,S,NAD83,6,97
USGS,11467553,NF GUALALA R AB SF GUALALA R NR GUALALA CA,,ST,384724,1233030,S,NAD27,38.7899103,-123.5094535,S,NAD83,6,45
USGS,11468000,NAVARRO R NR NAVARRO CA,Navarro River,ST,391014,1234001,F,NAD27,39.17045608,-123.668069,F,NAD83,6,45
USGS,11468500,NOYO R NR FORT BRAGG CA,,ST,392542,1234412,F,NAD27,39.42822378,-123.7377917,F,NAD83,6,45
USGS,11468900,MATTOLE R NR ETTERSBURG CA,,ST,400822,1235925,S,NAD27,40.139309,-123.991423,S,NAD83,6,23
USGS,11469000,MATTOLE R NR PETROLIA CA,,ST,401848,1241656,S,NAD27,40.31319125,-124.283381,S,NAD83,6,23
USGS,11473900,MF EEL R NR DOS RIOS CA,,ST,394223,1231927,F,NAD27,39.70626687,-123.3252913,F,NAD83,6,45
USGS,11475000,EEL R A FORT SEWARD CA,Eel River,ST,401306,1233753,F,NAD27,40.2182,-123.63253,F,NAD83,6,23
USGS,11475560,ELDER C NR BRANSCOMB CA,,ST,394347,1233834,F,NAD27,39.7295997,-123.6439073,F,NAD83,6,45
USGS,11475800,SF EEL R A LEGGETT CA,South Fork Eel River,ST,395229,1234310,F,NAD27,39.8745957,-123.7205775,F,NAD83,6,45
USGS,11476500,SF EEL R NR MIRANDA CA,South Fork Eel River,ST,401055,1234630,F,NAD27,40.18181004,-123.7761426,F,NAD83,6,23
USGS,11476600,BULL C NR WEOTT CA,,ST,402106,1240014,S,NAD27,40.351528,-124.0050423,S,NAD83,6,23
USGS,11477000,EEL R A SCOTIA CA,Eel River,ST,402930,1240555,F,NAD27,40.49152384,-124.0997699,F,NAD83,6,23
USGS,11478500,VAN DUZEN R NR BRIDGEVILLE CA,Van Duzen River,ST,402850,1235323,F,NAD27,40.48041636,-123.890876,F,NAD83,6,23
USGS,11480390,MAD R AB RUTH RES NR FOREST GLEN CA,Mad River,ST,401704,1232003,F,NAD27,40.28431329,-123.3353034,F,NAD83,6,105
USGS,11481000,MAD R NR ARCATA CA,Mad River,ST,405436,1240334,F,NAD27,40.9098497,-124.0606183,F,NAD83,6,23
USGS,11481200,LITTLE R NR TRINIDAD CA,,ST,410036,1240449,S,NAD27,41.0098479,-124.0814555,S,NAD83,6,23
USGS,11481500,REDWOOD C NR BLUE LAKE CA,,ST,405422,1234851,F,NAD27,40.90596479,-123.815335,F,NAD83,6,23
USGS,11482500,REDWOOD C A ORICK CA,,ST,411758,1240300,F,NAD27,41.2992896,-124.0511825,F,NAD83,6,23
USGS,11493500,"WILLIAMSON RIVER NEAR KLAMATH AGENCY, OR",,ST,424425,1215000,U,NAD27,42.74013528,-121.8344618,U,NAD83,41,35
USGS,11501000,"SPRAGUE RIVER NEAR CHILOQUIN, OR",,ST,423505,1215055,U,NAD27,42.5845809,-121.8497366,U,NAD83,41,35
USGS,11502500,"WILLIAMSON RIVER BLW SPRAGUE RIVER NR CHILOQUIN,OR",,ST,423354,1215242,S,NAD27,42.56485858,-121.8794593,S,NAD83,41,35
USGS,11503000,"ANNIE SPRING NEAR CRATER LAKE, OR",,SP,425218,1221004,S,NAD27,42.8715179,-122.168917,S,NAD83,41,35
USGS,11507500,"LINK RIVER AT KLAMATH FALLS, OR",,ST,421325,1214735,U,NAD27,42.22347795,-121.7941708,U,NAD83,41,35
USGS,11509340,"KLAMATH STRAITS DRAIN NEAR WORDEN, OR",Klamath River,ST,420448,1215037,S,NAD27,42.07986876,-121.8447253,S,NAD83,41,35
USGS,11509500,"KLAMATH RIVER AT KENO, OR",Klamath River,ST,420800,1215740,S,NAD27,42.13319946,-121.9622313,S,NAD83,41,35
USGS,11510700,"KLAMATH RIVER BLW JOHN C.BOYLE PWRPLNT, NR KENO,OR",Klamath River,ST,420505,1220420,U,NAD27,42.0845877,-122.0733453,U,NAD83,41,35
USGS,11516530,KLAMATH R BL IRON GATE DAM CA,Klamath River,ST,415541,1222635,F,NAD27,41.92791865,-122.4441882,F,NAD83,6,93
USGS,11517000,SHASTA R NR  MONTAGUE CA,Shasta River,ST,414233,1223213,S,NAD27,41.70903196,-122.5380787,S,NAD83,6,93
USGS,11517500,SHASTA R NR YREKA CA,Shasta River,ST,414923,1223540,F,NAD27,41.8229179,-122.5955813,F,NAD83,6,93
USGS,11519500,SCOTT R NR FORT JONES CA,Scott River,ST,413827,1230050,F,NAD27,41.64069017,-123.015037,F,NAD83,6,93
USGS,11520500,KLAMATH R NR SEIAD VALLEY CA,Klamath River,ST,415114,1231352,F,NAD27,41.8537379,-123.2322733,F,NAD83,6,93
USGS,11521500,INDIAN C NR HAPPY CAMP CA,,ST,415007,1232255,F,NAD27,41.83512325,-123.3831113,F,NAD83,6,93
USGS,11522500,SALMON R A SOMES BAR CA,,ST,412236,1232833,S,NAD27,41.3765154,-123.4770026,S,NAD83,6,93
USGS,11523000,KLAMATH R A ORLEANS,Klamath River,ST,411813,1233200,F,NAD27,41.3034599,-123.5345036,F,NAD83,6,23
USGS,11523200,TRINITY R AB COFFEE C NR TRINITY CENTER CA,Trinity River,ST,410641,1224216,F,NAD27,41.1112571,-122.7055788,F,NAD83,6,105
USGS,11525500,TRINITY R A LEWISTON CA,Trinity River,ST,404329,1224804,F,NAD83,40.7247222,-122.801111,F,NAD83,6,105
USGS,11525530,RUSH C NR LEWISTON CA,,ST,404329,1225001,1,NAD27,40.7245899,-122.8347458,1,NAD83,6,105
USGS,11525630,GRASS VALLEY C NR LEWISTON CA,,ST,404112,1225136,S,NAD27,40.68653456,-122.8611348,S,NAD83,6,105
USGS,11525655,TRINITY R BL LIMEKILN GULCH NR DOUGLAS CITY CA,,ST,404022,1225510,S,NAD27,40.6726453,-122.9205805,S,NAD83,6,105
USGS,11525670,INDIAN C NR DOUGLAS CITY CA,,ST,403907,1225448,S,NAD27,40.65181225,-122.9144689,S,NAD83,6,105
USGS,11525854,TRINITY R A DOUGLAS CITY CA,Trinity River,ST,403843,1225724,F,NAD83,40.64527778,-122.9566667,F,NAD83,6,105
USGS,11526250,TRINITY R A JUNCTION CITY CA,Trinity River,ST,404343,1230339,1,NAD27,40.7284768,-123.0619736,1,NAD83,6,105
USGS,11526400,TRINITY R AB NF TRINITY R NR HELENA CA,Trinity River,ST,404600,1230648,S,NAD27,40.76653148,-123.1144757,S,NAD83,6,105
USGS,11526500,NF TRINITY R A HELENA CA,North Fork Trinity,ST,404655,1230738,U,NAD27,40.7818089,-123.1283653,U,NAD83,6,105
USGS,11527000,TRINITY R NR BURNT RANCH CA,Trinity River,ST,404720,1232620,F,NAD27,40.7887498,-123.4400401,F,NAD83,6,105
USGS,11528700,SF TRINITY R BL HYAMPOM CA,South Fork Trinity,ST,403900,1232935,F,NAD27,40.6498627,-123.4942046,F,NAD83,6,105
USGS,11530000,TRINITY R A HOOPA CA,Trinity River,ST,410300,1234021,F,NAD27,41.049852,-123.673668,F,NAD83,6,23
USGS,11530500,KLAMATH R NR KLAMATH CA,Klamath River,ST,413040,1235842,F,NAD27,41.5109543,-123.9795164,F,NAD83,6,15
USGS,11532500,SMITH R NR CRESCENT CITY CA,Smith River,ST,414730,1240430,F,NAD27,41.7915026,-124.0761887,F,NAD83,6,15
